{
  "integrations": [
    {
      "id": "1c9ee813-f550-49fb-8c71-d6fd79468e92",
      "name": "Conference Bridge",
      "action": "CREATE_EVENT",
      "type": "INBOUND_WEBHOOK",
      "deployed": true,
      "form": "7f816ba4-8d14-4f09-9411-16d729711dd8",
      "script": "var util = require('util');\n\n// Set up the payload\ntrigger = JSON.parse(request.body);\n\n// Create xMatters event\nvar response = form.post(trigger);\n\n// Handle the response\nif (util.isValidStatusCode(response.statusCode)) {\n    console.log(\"Conference Bridge succeeded with response: \" + JSON.stringify(response));\n} else {\n    console.log(\"Conference Bridge failed with response: \" + JSON.stringify(response));\n    throw response;\n}\n",
      "environment": "HOSTED"
    },
    {
      "id": "e04b54e9-0f3d-42fe-9efb-e31dd63cfa7b",
      "name": "Conference Bridge - Outbound Delivery",
      "action": "RUN_SCRIPT",
      "type": "OUTBOUND_WEBHOOK",
      "triggeredBy": "DELIVERYSTATUS",
      "deployed": true,
      "form": "7f816ba4-8d14-4f09-9411-16d729711dd8",
      "script": "var util = require('util');\nvar xmServiceNowClient = require('xm-servicenow-client');\n\nvar callback = JSON.parse(request.body);\nconsole.log('Executing outbound integration for xMatters event ID: ' + callback.eventIdentifier);\n\nxmServiceNowClient = xmServiceNowClient.buildXMServiceNowClient(constants['ServiceNow xMatters Application Prefix']);\nvar response = xmServiceNowClient.sendDeliveryCallback('engage', callback);\nconsole.log( JSON.stringify( response ) );\n\nif (util.isValidStatusCode(response.statusCode)) {\n    console.log('Successful callback to ServiceNow');\n} else {\n    console.log('Failed callback to ServiceNow');\n    throw 'Failed callback to ServiceNow';\n}\n",
      "environment": "HOSTED"
    },
    {
      "id": "7010955e-c62e-4778-9e17-d21cc03e0e37",
      "name": "Conference Bridge - Outbound Response",
      "action": "RUN_SCRIPT",
      "type": "OUTBOUND_WEBHOOK",
      "triggeredBy": "RESPONSE",
      "deployed": true,
      "form": "7f816ba4-8d14-4f09-9411-16d729711dd8",
      "script": "var util = require('util');\nvar xmServiceNowClient = require('xm-servicenow-client');\n\nvar callback = JSON.parse(request.body);\nconsole.log('Executing outbound integration for xMatters event ID: ' + callback.eventIdentifier);\n\nxmServiceNowClient = xmServiceNowClient.buildXMServiceNowClient(constants['ServiceNow xMatters Application Prefix']);\nvar response = xmServiceNowClient.sendResponseCallback('engage', callback);\nconsole.log( JSON.stringify( response ) );\n\nif (util.isValidStatusCode(response.statusCode)) {\n    console.log('Successful callback to ServiceNow');\n} else {\n    console.log('Failed callback to ServiceNow');\n    throw 'Failed callback to ServiceNow';\n}\n",
      "environment": "HOSTED"
    },
    {
      "id": "fb1bd13a-023a-4c39-bc94-db3461eaa991",
      "name": "Conference Bridge - Outbound Status",
      "action": "RUN_SCRIPT",
      "type": "OUTBOUND_WEBHOOK",
      "triggeredBy": "STATUS",
      "deployed": true,
      "form": "7f816ba4-8d14-4f09-9411-16d729711dd8",
      "script": "var util = require('util');\nvar xmServiceNowClient = require('xm-servicenow-client');\n\nvar callback = JSON.parse(request.body);\nconsole.log('Executing outbound integration for xMatters event ID: ' + callback.eventIdentifier);\n\nxmServiceNowClient = xmServiceNowClient.buildXMServiceNowClient(constants['ServiceNow xMatters Application Prefix']);\nvar response = xmServiceNowClient.sendStatusCallback('engage', callback);\nconsole.log( JSON.stringify( response ) );\n\nif (util.isValidStatusCode(response.statusCode)) {\n    console.log('Successful callback to ServiceNow');\n} else {\n    console.log('Failed callback to ServiceNow');\n    throw 'Failed callback to ServiceNow';\n}\n",
      "environment": "HOSTED"
    },
    {
      "id": "20230977-4f75-4123-ae25-61d02d7d691e",
      "name": "Engage with xMatters",
      "action": "CREATE_EVENT",
      "type": "INBOUND_WEBHOOK",
      "deployed": true,
      "form": "da0b380b-683f-44af-bb69-0806d857d27c",
      "script": "var util = require('util');\n\n// Set up the payload\ntrigger = JSON.parse(request.body);\n\n// Create xMatters event\nvar response = form.post(trigger);\n\n// Handle the response\nif (util.isValidStatusCode(response.statusCode)) {\n    console.log(\"Engage with xMatters succeeded with response: \" + JSON.stringify(response));\n} else {\n    console.log(\"Engage with xMatters failed with response: \" + JSON.stringify(response));\n    throw response;\n}\n",
      "environment": "HOSTED"
    },
    {
      "id": "1764990c-231f-48c6-975b-8c4b7cc3a561",
      "name": "Engage with xMatters - Outbound Delivery",
      "action": "RUN_SCRIPT",
      "type": "OUTBOUND_WEBHOOK",
      "triggeredBy": "DELIVERYSTATUS",
      "deployed": true,
      "form": "da0b380b-683f-44af-bb69-0806d857d27c",
      "script": "var util = require('util');\nvar xmServiceNowClient = require('xm-servicenow-client');\n\nvar callback = JSON.parse(request.body);\nconsole.log('Executing outbound integration for xMatters event ID: ' + callback.eventIdentifier);\n\nxmServiceNowClient = xmServiceNowClient.buildXMServiceNowClient(constants['ServiceNow xMatters Application Prefix']);\nvar response = xmServiceNowClient.sendDeliveryCallback('engage', callback);\nconsole.log( JSON.stringify( response ) );\n\nif (util.isValidStatusCode(response.statusCode)) {\n    console.log('Successful callback to ServiceNow');\n} else {\n    console.log('Failed callback to ServiceNow');\n    throw 'Failed callback to ServiceNow';\n}\n",
      "environment": "HOSTED"
    },
    {
      "id": "dcfd4f71-bf7b-4264-a042-79be7739471f",
      "name": "Engage with xMatters - Outbound Response",
      "action": "RUN_SCRIPT",
      "type": "OUTBOUND_WEBHOOK",
      "triggeredBy": "RESPONSE",
      "deployed": true,
      "form": "da0b380b-683f-44af-bb69-0806d857d27c",
      "script": "var util = require('util');\nvar xmServiceNowClient = require('xm-servicenow-client');\n\nvar callback = JSON.parse(request.body);\nconsole.log('Executing outbound integration for xMatters event ID: ' + callback.eventIdentifier);\n\nxmServiceNowClient = xmServiceNowClient.buildXMServiceNowClient(constants['ServiceNow xMatters Application Prefix']);\nvar response = xmServiceNowClient.sendResponseCallback('engage', callback);\nconsole.log( JSON.stringify( response ) );\n\nif (util.isValidStatusCode(response.statusCode)) {\n    console.log('Successful callback to ServiceNow');\n} else {\n    console.log('Failed callback to ServiceNow');\n    throw 'Failed callback to ServiceNow';\n}\n",
      "environment": "HOSTED"
    },
    {
      "id": "6d147875-d95f-4597-9d66-cae1fdba8490",
      "name": "Engage with xMatters - Outbound Status",
      "action": "RUN_SCRIPT",
      "type": "OUTBOUND_WEBHOOK",
      "triggeredBy": "STATUS",
      "deployed": true,
      "form": "da0b380b-683f-44af-bb69-0806d857d27c",
      "script": "var util = require('util');\nvar xmServiceNowClient = require('xm-servicenow-client');\n\nvar callback = JSON.parse(request.body);\nconsole.log('Executing outbound integration for xMatters event ID: ' + callback.eventIdentifier);\n\nxmServiceNowClient = xmServiceNowClient.buildXMServiceNowClient(constants['ServiceNow xMatters Application Prefix']);\nvar response = xmServiceNowClient.sendStatusCallback('engage', callback);\nconsole.log( JSON.stringify( response ) );\n\nif (util.isValidStatusCode(response.statusCode)) {\n    console.log('Successful callback to ServiceNow');\n} else {\n    console.log('Failed callback to ServiceNow');\n    throw 'Failed callback to ServiceNow';\n}\n",
      "environment": "HOSTED"
    },
    {
      "id": "4896076b-9a83-4092-b8bc-fdd5e8bd9628",
      "name": "Event Data - Conference Bridge - Event Status",
      "action": "RUN_SCRIPT",
      "type": "OUTBOUND_WEBHOOK",
      "triggeredBy": "STATUS",
      "deployed": true,
      "form": "7f816ba4-8d14-4f09-9411-16d729711dd8",
      "script": "/*\n * To use functions that are defined in a shared library, import\n * the shared library using the require function. You can then\n * access the functions in the shared library. Shared library names\n * are case-sensitive.\n *\n * The following statements show how to use a function named 'myFunction'\n * that is included in a shared library named 'My Shared Library'.\n *\n * var mySharedLibrary = require('My Shared Library');\n * var message = mySharedLibrary.myFunction();\n */\n\nvar callback = JSON.parse(request.body);\nconsole.log('Executing outbound integration for xMatters event ID: ' + callback.eventIdentifier);\n\n// Convert list of event properties to an eventProperties object\nif (callback.eventProperties && Array.isArray(callback.eventProperties)) {\n  var eventProperties = callback.eventProperties;\n  callback.eventProperties = {};\n\n  for (var i = 0; i < eventProperties.length; i++) {\n    var eventProperty = eventProperties[i];\n    var key = Object.keys(eventProperty)[0];\n    callback.eventProperties[key] = eventProperty[key];\n  }\n}\nconsole.log(JSON.stringify(callback));\n\n\n//Finally, Prepare the HTTP request to Post our worknotes into ServiceNow\nvar request = http.request({\n  'endpoint': 'ServiceNow',\n  'method': 'POST',\n  'path': '/api/now/table/x_xma_xmatters_xmatters_event_log',\n  'headers': {\n    'Content-Type': 'application/json',\n    'Keep-Alive': 'timeout=200000, max=100'\n  }\n});\n\nvar moment = require('moment');\nrequire('moment-timezone');\n\nvar momentDate = moment(callback.date, 'YYYY-MM-DD HH:mm:ss.SSS');\nvar gmtDate = momentDate.format('YYYY-MM-DD HH:mm:ss');\n\nconsole.log('today is + ' + gmtDate);\n\n// Prepare the HTTP request body\nvar json = {};\n\njson = {\n  'u_formtype': 'Conference Bridge',\n  'u_event_update_type': 'Event Status',\n  'u_event_id': callback.eventIdentifier,\n  'u_incident_nbr': callback.eventProperties.number,\n  'u_incident_sys_id': callback.eventProperties.sys_id,\n  'u_assignment_group': callback.eventProperties.assignment_group,\n  'u_assigned_to': callback.eventProperties.assigned_to,\n  'u_event_status': callback.status,\n  'u_date': gmtDate\n\n};\n\n// Submit the request and capture the response\nvar response = request.write(json);\n\n// Write the response to the activity stream\nconsole.log(JSON.stringify(response));",
      "environment": "HOSTED"
    },
    {
      "id": "1cf5317d-0254-43bc-954b-dfc877e393a8",
      "name": "Event Data - Conference Bridge - Notification Responses",
      "action": "RUN_SCRIPT",
      "type": "OUTBOUND_WEBHOOK",
      "triggeredBy": "RESPONSE",
      "deployed": true,
      "form": "7f816ba4-8d14-4f09-9411-16d729711dd8",
      "script": "/*\n * To use functions that are defined in a shared library, import\n * the shared library using the require function. You can then\n * access the functions in the shared library. Shared library names\n * are case-sensitive.\n *\n * The following statements show how to use a function named 'myFunction'\n * that is included in a shared library named 'My Shared Library'.\n *\n * var mySharedLibrary = require('My Shared Library');\n * var message = mySharedLibrary.myFunction();\n */\n\nvar callback = JSON.parse(request.body);\nconsole.log('Executing outbound integration for xMatters event ID: ' + callback.eventIdentifier);\n\n// Convert list of event properties to an eventProperties object\nif (callback.eventProperties && Array.isArray(callback.eventProperties)) {\n  var eventProperties = callback.eventProperties;\n  callback.eventProperties = {};\n\n  for (var i = 0; i < eventProperties.length; i++) {\n    var eventProperty = eventProperties[i];\n    var key = Object.keys(eventProperty)[0];\n    callback.eventProperties[key] = eventProperty[key];\n  }\n}\nconsole.log(JSON.stringify(callback));\n\n\n//Finally, Prepare the HTTP request to Post our worknotes into ServiceNow\nvar request = http.request({\n  'endpoint': 'ServiceNow',\n  'method': 'POST',\n  'path': '/api/now/table/x_xma_xmatters_xmatters_event_log',\n  'headers': {\n    'Content-Type': 'application/json',\n    'Keep-Alive': 'timeout=200000, max=100'\n  }\n});\n\nvar moment = require('moment');\nrequire('moment-timezone');\n\nvar momentDate = moment(callback.date, 'YYYY-MM-DD HH:mm:ss.SSS');\nvar gmtDate = momentDate.format('YYYY-MM-DD HH:mm:ss');\n\n// Prepare the HTTP request body\nvar json = {};\n\njson = {\n  'u_formtype': 'Conference Bridge',\n  'u_event_update_type': 'Notification Response',\n  'u_event_id': callback.eventIdentifier,\n  'u_incident_nbr': callback.eventProperties.number,\n  'u_incident_sys_id': callback.eventProperties.sys_id,\n  'u_assignment_group': callback.eventProperties.assignment_group,\n  'u_assigned_to': callback.eventProperties.assigned_to,\n  'u_date': gmtDate,\n  'u_device': callback.device,\n  \"u_comment\": callback.annotation,\n  \"u_recipient\": callback.recipient,\n  \"u_response\": callback.response\n};\n\n// Submit the request and capture the response\nvar response = request.write(json);\n\n// Write the response to the activity stream\nconsole.log(JSON.stringify(response));",
      "environment": "HOSTED"
    },
    {
      "id": "34816536-008b-40b2-a472-01864d3497e9",
      "name": "Event Data - Conference Bridges - Device Delivery",
      "action": "RUN_SCRIPT",
      "type": "OUTBOUND_WEBHOOK",
      "triggeredBy": "DELIVERYSTATUS",
      "deployed": true,
      "form": "7f816ba4-8d14-4f09-9411-16d729711dd8",
      "script": "/*\n * To use functions that are defined in a shared library, import\n * the shared library using the require function. You can then\n * access the functions in the shared library. Shared library names\n * are case-sensitive.\n *\n * The following statements show how to use a function named 'myFunction'\n * that is included in a shared library named 'My Shared Library'.\n *\n * var mySharedLibrary = require('My Shared Library');\n * var message = mySharedLibrary.myFunction();\n */\n\nvar callback = JSON.parse(request.body);\nconsole.log('Executing outbound integration for xMatters event ID: ' + callback.eventIdentifier);\n\n// Convert list of event properties to an eventProperties object\nif (callback.eventProperties && Array.isArray(callback.eventProperties)) {\n  var eventProperties = callback.eventProperties;\n  callback.eventProperties = {};\n\n  for (var i = 0; i < eventProperties.length; i++) {\n    var eventProperty = eventProperties[i];\n    var key = Object.keys(eventProperty)[0];\n    callback.eventProperties[key] = eventProperty[key];\n  }\n}\nconsole.log(JSON.stringify(callback));\n\n\n//Finally, Prepare the HTTP request to Post our worknotes into ServiceNow\nvar request = http.request({\n  'endpoint': 'ServiceNow',\n  'method': 'POST',\n  'path': '/api/now/table/x_xma_xmatters_xmatters_event_log',\n  'headers': {\n    'Content-Type': 'application/json',\n    'Keep-Alive': 'timeout=200000, max=100'\n  }\n});\n\nvar moment = require('moment');\nrequire('moment-timezone');\n\nvar momentDate = moment(callback.date, 'YYYY-MM-DD HH:mm:ss.SSS');\nvar gmtDate = momentDate.format('YYYY-MM-DD HH:mm:ss');\n\n// Prepare the HTTP request body\nvar json = {};\n\njson = {\n  'u_formtype': 'Conference Bridge',\n  'u_event_update_type': 'Delivery Status',\n  'u_event_id': callback.eventIdentifier,\n  'u_incident_nbr': callback.eventProperties.number,\n  'u_incident_sys_id': callback.eventProperties.sys_id,\n  'u_assignment_group': callback.eventProperties.assignment_group,\n  'u_assigned_to': callback.eventProperties.assigned_to,\n  'u_date': gmtDate,\n  'u_device': callback.device,\n  \"u_delivery_message\": callback.message,\n  \"u_device_delivery_status\": callback.deliveryStatus,\n  \"u_delivery_event_type\": callback.eventType,\n  \"u_device_id\": callback.deviceId,\n  \"u_recipient\": callback.recipient\n};\n\n// Submit the request and capture the response\nvar response = request.write(json);\n\n// Write the response to the activity stream\nconsole.log(JSON.stringify(response));",
      "environment": "HOSTED"
    },
    {
      "id": "1595da3c-1264-45e7-b91f-e4010cda49bd",
      "name": "Event Data - Engage with xMatters - Device Delivery",
      "action": "RUN_SCRIPT",
      "type": "OUTBOUND_WEBHOOK",
      "triggeredBy": "DELIVERYSTATUS",
      "deployed": true,
      "form": "da0b380b-683f-44af-bb69-0806d857d27c",
      "script": "/*\n * To use functions that are defined in a shared library, import\n * the shared library using the require function. You can then\n * access the functions in the shared library. Shared library names\n * are case-sensitive.\n *\n * The following statements show how to use a function named 'myFunction'\n * that is included in a shared library named 'My Shared Library'.\n *\n * var mySharedLibrary = require('My Shared Library');\n * var message = mySharedLibrary.myFunction();\n */\n\nvar callback = JSON.parse(request.body);\nconsole.log('Executing outbound integration for xMatters event ID: ' + callback.eventIdentifier);\n\n// Convert list of event properties to an eventProperties object\nif (callback.eventProperties && Array.isArray(callback.eventProperties)) {\n  var eventProperties = callback.eventProperties;\n  callback.eventProperties = {};\n\n  for (var i = 0; i < eventProperties.length; i++) {\n    var eventProperty = eventProperties[i];\n    var key = Object.keys(eventProperty)[0];\n    callback.eventProperties[key] = eventProperty[key];\n  }\n}\nconsole.log(JSON.stringify(callback));\n\n\n//Finally, Prepare the HTTP request to Post our worknotes into ServiceNow\nvar request = http.request({\n  'endpoint': 'ServiceNow',\n  'method': 'POST',\n  'path': '/api/now/table/x_xma_xmatters_xmatters_event_log',\n  'headers': {\n    'Content-Type': 'application/json',\n    'Keep-Alive': 'timeout=200000, max=100'\n  }\n});\n\nvar moment = require('moment');\nrequire('moment-timezone');\n\nvar momentDate = moment(callback.date, 'YYYY-MM-DD HH:mm:ss.SSS');\nvar gmtDate = momentDate.format('YYYY-MM-DD HH:mm:ss');\n\n// Prepare the HTTP request body\nvar json = {};\n\njson = {\n  'u_formtype': 'Engage with xMatters',\n  'u_event_update_type': 'Delivery Status',\n  'u_event_id': callback.eventIdentifier,\n  'u_incident_nbr': callback.eventProperties.number,\n  'u_incident_sys_id': callback.eventProperties.sys_id,\n  'u_assignment_group': callback.eventProperties.assignment_group,\n  'u_assigned_to': callback.eventProperties.assigned_to,\n  'u_date': gmtDate,\n  'u_device': callback.device,\n  \"u_delivery_message\": callback.message,\n  \"u_device_delivery_status\": callback.deliveryStatus,\n  \"u_delivery_event_type\": callback.eventType,\n  \"u_device_id\": callback.deviceId,\n  \"u_recipient\": callback.recipient\n};\n\n// Submit the request and capture the response\nvar response = request.write(json);\n\n// Write the response to the activity stream\nconsole.log(JSON.stringify(response));",
      "environment": "HOSTED"
    },
    {
      "id": "e010fb0c-a05f-40d5-b687-72039fbb60d0",
      "name": "Event Data - Engage with xMatters - Event Status",
      "action": "RUN_SCRIPT",
      "type": "OUTBOUND_WEBHOOK",
      "triggeredBy": "STATUS",
      "deployed": true,
      "form": "da0b380b-683f-44af-bb69-0806d857d27c",
      "script": "/*\n * To use functions that are defined in a shared library, import\n * the shared library using the require function. You can then\n * access the functions in the shared library. Shared library names\n * are case-sensitive.\n *\n * The following statements show how to use a function named 'myFunction'\n * that is included in a shared library named 'My Shared Library'.\n *\n * var mySharedLibrary = require('My Shared Library');\n * var message = mySharedLibrary.myFunction();\n */\n\nvar callback = JSON.parse(request.body);\nconsole.log('Executing outbound integration for xMatters event ID: ' + callback.eventIdentifier);\n\n// Convert list of event properties to an eventProperties object\nif (callback.eventProperties && Array.isArray(callback.eventProperties)) {\n  var eventProperties = callback.eventProperties;\n  callback.eventProperties = {};\n\n  for (var i = 0; i < eventProperties.length; i++) {\n    var eventProperty = eventProperties[i];\n    var key = Object.keys(eventProperty)[0];\n    callback.eventProperties[key] = eventProperty[key];\n  }\n}\nconsole.log(JSON.stringify(callback));\n\n\n//Finally, Prepare the HTTP request to Post our worknotes into ServiceNow\nvar request = http.request({\n  'endpoint': 'ServiceNow',\n  'method': 'POST',\n  'path': '/api/now/table/x_xma_xmatters_xmatters_event_log',\n  'headers': {\n    'Content-Type': 'application/json',\n    'Keep-Alive': 'timeout=200000, max=100'\n  }\n});\n\nvar moment = require('moment');\nrequire('moment-timezone');\n\nvar momentDate = moment(callback.date, 'YYYY-MM-DD HH:mm:ss.SSS');\nvar gmtDate = momentDate.format('YYYY-MM-DD HH:mm:ss');\n\nconsole.log('today is + ' + gmtDate);\n\n// Prepare the HTTP request body\nvar json = {};\n\njson = {\n  'u_formtype': 'Engage with xMatters',\n  'u_event_update_type': 'Event Status',\n  'u_event_id': callback.eventIdentifier,\n  'u_incident_nbr': callback.eventProperties.number,\n  'u_incident_sys_id': callback.eventProperties.sys_id,\n  'u_assignment_group': callback.eventProperties.assignment_group,\n  'u_assigned_to': callback.eventProperties.assigned_to,\n  'u_event_status': callback.status,\n  'u_date': gmtDate\n\n};\n\n// Submit the request and capture the response\nvar response = request.write(json);\n\n// Write the response to the activity stream\nconsole.log(JSON.stringify(response));",
      "environment": "HOSTED"
    },
    {
      "id": "0a72442f-3a0e-4f80-8970-6a7c73d06c17",
      "name": "Event Data - Engage with xMatters - Notification Responses",
      "action": "RUN_SCRIPT",
      "type": "OUTBOUND_WEBHOOK",
      "triggeredBy": "RESPONSE",
      "deployed": true,
      "form": "da0b380b-683f-44af-bb69-0806d857d27c",
      "script": "/*\n * To use functions that are defined in a shared library, import\n * the shared library using the require function. You can then\n * access the functions in the shared library. Shared library names\n * are case-sensitive.\n *\n * The following statements show how to use a function named 'myFunction'\n * that is included in a shared library named 'My Shared Library'.\n *\n * var mySharedLibrary = require('My Shared Library');\n * var message = mySharedLibrary.myFunction();\n */\n\nvar callback = JSON.parse(request.body);\nconsole.log('Executing outbound integration for xMatters event ID: ' + callback.eventIdentifier);\n\n// Convert list of event properties to an eventProperties object\nif (callback.eventProperties && Array.isArray(callback.eventProperties)) {\n  var eventProperties = callback.eventProperties;\n  callback.eventProperties = {};\n\n  for (var i = 0; i < eventProperties.length; i++) {\n    var eventProperty = eventProperties[i];\n    var key = Object.keys(eventProperty)[0];\n    callback.eventProperties[key] = eventProperty[key];\n  }\n}\nconsole.log(JSON.stringify(callback));\n\n\n//Finally, Prepare the HTTP request to Post our worknotes into ServiceNow\nvar request = http.request({\n  'endpoint': 'ServiceNow',\n  'method': 'POST',\n  'path': '/api/now/table/x_xma_xmatters_xmatters_event_log',\n  'headers': {\n    'Content-Type': 'application/json',\n    'Keep-Alive': 'timeout=200000, max=100'\n  }\n});\n\nvar moment = require('moment');\nrequire('moment-timezone');\n\nvar momentDate = moment(callback.date, 'YYYY-MM-DD HH:mm:ss.SSS');\nvar gmtDate = momentDate.format('YYYY-MM-DD HH:mm:ss');\n\n// Prepare the HTTP request body\nvar json = {};\n\njson = {\n  'u_formtype': 'Engage with xMatters',\n  'u_event_update_type': 'Notification Response',\n  'u_event_id': callback.eventIdentifier,\n  'u_incident_nbr': callback.eventProperties.number,\n  'u_incident_sys_id': callback.eventProperties.sys_id,\n  'u_assignment_group': callback.eventProperties.assignment_group,\n  'u_assigned_to': callback.eventProperties.assigned_to,\n  'u_date': gmtDate,\n  'u_device': callback.device,\n  \"u_comment\": callback.annotation,\n  \"u_recipient\": callback.recipient,\n  \"u_response\": callback.response\n};\n\n// Submit the request and capture the response\nvar response = request.write(json);\n\n// Write the response to the activity stream\nconsole.log(JSON.stringify(response));",
      "environment": "HOSTED"
    },
    {
      "id": "0d405c67-374f-4f0c-87c7-6afddd69d660",
      "name": "Event Data - Incident Alerts - Device Delivery",
      "action": "RUN_SCRIPT",
      "type": "OUTBOUND_WEBHOOK",
      "triggeredBy": "DELIVERYSTATUS",
      "deployed": true,
      "form": "9079c5e8-4e38-4cdb-8b29-eebdb6a00e1d",
      "script": "/*\n * To use functions that are defined in a shared library, import\n * the shared library using the require function. You can then\n * access the functions in the shared library. Shared library names\n * are case-sensitive.\n *\n * The following statements show how to use a function named 'myFunction'\n * that is included in a shared library named 'My Shared Library'.\n *\n * var mySharedLibrary = require('My Shared Library');\n * var message = mySharedLibrary.myFunction();\n */\n\nvar callback = JSON.parse(request.body);\nconsole.log('Executing outbound integration for xMatters event ID: ' + callback.eventIdentifier);\n\n// Convert list of event properties to an eventProperties object\nif (callback.eventProperties && Array.isArray(callback.eventProperties)) {\n  var eventProperties = callback.eventProperties;\n  callback.eventProperties = {};\n\n  for (var i = 0; i < eventProperties.length; i++) {\n    var eventProperty = eventProperties[i];\n    var key = Object.keys(eventProperty)[0];\n    callback.eventProperties[key] = eventProperty[key];\n  }\n}\nconsole.log(JSON.stringify(callback));\n\n\n//Finally, Prepare the HTTP request to Post our worknotes into ServiceNow\nvar request = http.request({\n  'endpoint': 'ServiceNow',\n  'method': 'POST',\n  'path': '/api/now/table/x_xma_xmatters_xmatters_event_log',\n  'headers': {\n    'Content-Type': 'application/json',\n    'Keep-Alive': 'timeout=200000, max=100'\n  }\n});\n\nvar moment = require('moment');\nrequire('moment-timezone');\n\nvar momentDate = moment(callback.date, 'YYYY-MM-DD HH:mm:ss.SSS');\nvar gmtDate = momentDate.format('YYYY-MM-DD HH:mm:ss');\n\n// Prepare the HTTP request body\nvar json = {};\n\njson = {\n  'u_formtype': 'Incident Alerts',\n  'u_event_update_type': 'Delivery Status',\n  'u_event_id': callback.eventIdentifier,\n  'u_incident_nbr': callback.eventProperties.number,\n  'u_incident_sys_id': callback.eventProperties.sys_id,\n  'u_assignment_group': callback.eventProperties.assignment_group,\n  'u_assigned_to': callback.eventProperties.assigned_to,\n  'u_date': gmtDate,\n  'u_device': callback.device,\n  \"u_delivery_message\": callback.message,\n  \"u_device_delivery_status\": callback.deliveryStatus,\n  \"u_delivery_event_type\": callback.eventType,\n  \"u_device_id\": callback.deviceId,\n  \"u_recipient\": callback.recipient\n};\n\n// Submit the request and capture the response\nvar response = request.write(json);\n\n// Write the response to the activity stream\nconsole.log(JSON.stringify(response));",
      "environment": "HOSTED"
    },
    {
      "id": "144b388d-80d0-44e0-9120-3636bd16f119",
      "name": "Event Data - Incident Alerts - Event Status",
      "action": "RUN_SCRIPT",
      "type": "OUTBOUND_WEBHOOK",
      "triggeredBy": "STATUS",
      "deployed": true,
      "form": "9079c5e8-4e38-4cdb-8b29-eebdb6a00e1d",
      "script": "/*\n * To use functions that are defined in a shared library, import\n * the shared library using the require function. You can then\n * access the functions in the shared library. Shared library names\n * are case-sensitive.\n *\n * The following statements show how to use a function named 'myFunction'\n * that is included in a shared library named 'My Shared Library'.\n *\n * var mySharedLibrary = require('My Shared Library');\n * var message = mySharedLibrary.myFunction();\n */\n\nvar callback = JSON.parse(request.body);\nconsole.log('Executing outbound integration for xMatters event ID: ' + callback.eventIdentifier);\n\n// Convert list of event properties to an eventProperties object\nif (callback.eventProperties && Array.isArray(callback.eventProperties)) {\n  var eventProperties = callback.eventProperties;\n  callback.eventProperties = {};\n\n  for (var i = 0; i < eventProperties.length; i++) {\n    var eventProperty = eventProperties[i];\n    var key = Object.keys(eventProperty)[0];\n    callback.eventProperties[key] = eventProperty[key];\n  }\n}\nconsole.log(JSON.stringify(callback));\n\n\n//Finally, Prepare the HTTP request to Post our worknotes into ServiceNow\nvar request = http.request({\n  'endpoint': 'ServiceNow',\n  'method': 'POST',\n  'path': '/api/now/table/x_xma_xmatters_xmatters_event_log',\n  'headers': {\n    'Content-Type': 'application/json',\n    'Keep-Alive': 'timeout=200000, max=100'\n  }\n});\n\nvar moment = require('moment');\nrequire('moment-timezone');\n\nvar momentDate = moment(callback.date, 'YYYY-MM-DD HH:mm:ss.SSS');\nvar gmtDate = momentDate.format('YYYY-MM-DD HH:mm:ss');\n\nconsole.log('today is + ' + gmtDate);\n\n// Prepare the HTTP request body\nvar json = {};\n\njson = {\n  'u_formtype': 'Incident Alerts',\n  'u_event_update_type': 'Event Status',\n  'u_event_id': callback.eventIdentifier,\n  'u_incident_nbr': callback.eventProperties.number,\n  'u_incident_sys_id': callback.eventProperties.sys_id,\n  'u_assignment_group': callback.eventProperties.assignment_group,\n  'u_assigned_to': callback.eventProperties.assigned_to,\n  'u_event_status': callback.status,\n  'u_date': gmtDate\n\n};\n\n// Submit the request and capture the response\nvar response = request.write(json);\n\n// Write the response to the activity stream\nconsole.log(JSON.stringify(response));",
      "environment": "HOSTED"
    },
    {
      "id": "fc6e416b-4c32-4c99-bbc4-6c3a8e8856d7",
      "name": "Event Data - Incident Alerts - Notification Responses",
      "action": "RUN_SCRIPT",
      "type": "OUTBOUND_WEBHOOK",
      "triggeredBy": "RESPONSE",
      "deployed": true,
      "form": "9079c5e8-4e38-4cdb-8b29-eebdb6a00e1d",
      "script": "/*\n * To use functions that are defined in a shared library, import\n * the shared library using the require function. You can then\n * access the functions in the shared library. Shared library names\n * are case-sensitive.\n *\n * The following statements show how to use a function named 'myFunction'\n * that is included in a shared library named 'My Shared Library'.\n *\n * var mySharedLibrary = require('My Shared Library');\n * var message = mySharedLibrary.myFunction();\n */\n\nvar callback = JSON.parse(request.body);\nconsole.log('Executing outbound integration for xMatters event ID: ' + callback.eventIdentifier);\n\n// Convert list of event properties to an eventProperties object\nif (callback.eventProperties && Array.isArray(callback.eventProperties)) {\n  var eventProperties = callback.eventProperties;\n  callback.eventProperties = {};\n\n  for (var i = 0; i < eventProperties.length; i++) {\n    var eventProperty = eventProperties[i];\n    var key = Object.keys(eventProperty)[0];\n    callback.eventProperties[key] = eventProperty[key];\n  }\n}\nconsole.log(JSON.stringify(callback));\n\n\n//Finally, Prepare the HTTP request to Post our worknotes into ServiceNow\nvar request = http.request({\n  'endpoint': 'ServiceNow',\n  'method': 'POST',\n  'path': '/api/now/table/x_xma_xmatters_xmatters_event_log',\n  'headers': {\n    'Content-Type': 'application/json',\n    'Keep-Alive': 'timeout=200000, max=100'\n  }\n});\n\nvar moment = require('moment');\nrequire('moment-timezone');\n\nvar momentDate = moment(callback.date, 'YYYY-MM-DD HH:mm:ss.SSS');\nvar gmtDate = momentDate.format('YYYY-MM-DD HH:mm:ss');\n\n// Prepare the HTTP request body\nvar json = {};\n\njson = {\n  'u_formtype': 'Incident Alerts',\n  'u_event_update_type': 'Notification Response',\n  'u_event_id': callback.eventIdentifier,\n  'u_incident_nbr': callback.eventProperties.number,\n  'u_incident_sys_id': callback.eventProperties.sys_id,\n  'u_assignment_group': callback.eventProperties.assignment_group,\n  'u_assigned_to': callback.eventProperties.assigned_to,\n  'u_date': gmtDate,\n  'u_device': callback.device,\n  \"u_comment\": callback.annotation,\n  \"u_recipient\": callback.recipient,\n  \"u_response\": callback.response\n};\n\n// Submit the request and capture the response\nvar response = request.write(json);\n\n// Write the response to the activity stream\nconsole.log(JSON.stringify(response));",
      "environment": "HOSTED"
    },
    {
      "id": "65db5499-993f-4491-825c-f98b7ab46193",
      "name": "Incident Alerts",
      "action": "CREATE_EVENT",
      "type": "INBOUND_WEBHOOK",
      "deployed": true,
      "form": "9079c5e8-4e38-4cdb-8b29-eebdb6a00e1d",
      "script": "var util = require('util');\nvar xmServiceNowClient = require('xm-servicenow-client');\n\n// Set up the payload\ntrigger = JSON.parse(request.body);\n\nif(trigger.properties === null || typeof trigger.properties === 'undefined') {\n    throw \"Request body has an empty 'properties' value.\";\n}\n\nif(trigger.properties.sys_id === null || typeof trigger.properties.sys_id === 'undefined') {\n    throw \"Request properties object is missing ServiceNow Incident Id value [properties.sys_id].\";\n}\n\nvar incidentId = trigger.properties.sys_id;\n\n// terminate existing events\nutil.terminateEvents({'sys_id': incidentId});\n\n// Set recipient name used in Work Notes later and remove empty recipients list if present\nvar recipientName = 'Default Recipients';\nif (trigger.recipients !== null && typeof trigger.recipients !== 'undefined'\n        && trigger.recipients.length > 0) {\n    recipientName = trigger.recipients[0].targetName;\n} else {\n    delete trigger.recipients;\n}\n\n// Create xMatters event\nvar response = form.post(trigger);\n\n// Handle the response\nif (util.isValidStatusCode(response.statusCode)) {\n    console.log(\"Incident Alerts succeeded with response: \" + JSON.stringify(response));\n    xmServiceNowClient = xmServiceNowClient.buildXMServiceNowClient(constants['ServiceNow xMatters Application Prefix']);\n    \n    var eventId = null; \n    // Need to parse the response body if it's a type string\n    if (typeof response.body === 'string') {\n        eventId = JSON.parse(response.body).id;\n    } else {\n        eventId = response.body.id;\n    }\n    \n    var callbackPayload = {\n        eventIdentifier: eventId,\n        targetName: recipientName,\n        eventProperties: [{\n            sys_id: incidentId\n        }]\n    };\n    \n    var createResponse = xmServiceNowClient.sendEventCreationCallback('incident', callbackPayload);\n    if (util.isValidStatusCode(createResponse.statusCode)) {\n        console.log(\"Event creation callback succeeded with response: \" + JSON.stringify(createResponse));\n    } else {\n        console.log('Failed callback to ServiceNow: ' + JSON.stringify(createResponse));\n        throw 'Failed callback to ServiceNow';\n    }\n    \n} else {\n    console.log(\"Incident Alerts failed with response: \" + JSON.stringify(response));\n    throw response;\n}\n",
      "environment": "HOSTED"
    },
    {
      "id": "285456a0-7bc8-4981-a843-838f7e545f02",
      "name": "Incident Alerts - Outbound Delivery",
      "action": "RUN_SCRIPT",
      "type": "OUTBOUND_WEBHOOK",
      "triggeredBy": "DELIVERYSTATUS",
      "deployed": true,
      "form": "9079c5e8-4e38-4cdb-8b29-eebdb6a00e1d",
      "script": "var util = require('util');\nvar xmServiceNowClient = require('xm-servicenow-client');\n\nvar callback = JSON.parse(request.body);\nconsole.log('Executing outbound integration for xMatters event ID: ' + callback.eventIdentifier);\n\nxmServiceNowClient = xmServiceNowClient.buildXMServiceNowClient(constants['ServiceNow xMatters Application Prefix']);\nvar response = xmServiceNowClient.sendDeliveryCallback('incident', callback);\nconsole.log( JSON.stringify( response ) );\n\nif (util.isValidStatusCode(response.statusCode)) {\n    console.log('Successful callback to ServiceNow');\n} else {\n    console.log('Failed callback to ServiceNow');\n    throw 'Failed callback to ServiceNow';\n}\n",
      "environment": "HOSTED"
    },
    {
      "id": "a6742c9d-d1af-48f7-91fe-f0b39e6a5cce",
      "name": "Incident Alerts - Outbound Response",
      "action": "RUN_SCRIPT",
      "type": "OUTBOUND_WEBHOOK",
      "triggeredBy": "RESPONSE",
      "deployed": true,
      "form": "9079c5e8-4e38-4cdb-8b29-eebdb6a00e1d",
      "script": "var util = require('util');\nvar xmServiceNowClient = require('xm-servicenow-client');\n\nvar callback = JSON.parse(request.body);\nconsole.log('Executing outbound integration for xMatters event ID: ' + callback.eventIdentifier);\n\nxmServiceNowClient = xmServiceNowClient.buildXMServiceNowClient(constants['ServiceNow xMatters Application Prefix']);\nvar response = xmServiceNowClient.sendResponseCallback('incident', callback);\nconsole.log( JSON.stringify( response ) );\n\nif (util.isValidStatusCode(response.statusCode)) {\n    console.log('Successful callback to ServiceNow');\n} else {\n    console.log('Failed callback to ServiceNow');\n    throw 'Failed callback to ServiceNow';\n}\n",
      "environment": "HOSTED"
    },
    {
      "id": "3133ffc2-bdf8-4e5e-b664-ff02d9e3d3b5",
      "name": "Incident Alerts - Outbound Status",
      "action": "RUN_SCRIPT",
      "type": "OUTBOUND_WEBHOOK",
      "triggeredBy": "STATUS",
      "deployed": true,
      "form": "9079c5e8-4e38-4cdb-8b29-eebdb6a00e1d",
      "script": "var util = require('util');\nvar xmServiceNowClient = require('xm-servicenow-client');\n\nvar callback = JSON.parse(request.body);\nconsole.log('Executing outbound integration for xMatters event ID: ' + callback.eventIdentifier);\n\nxmServiceNowClient = xmServiceNowClient.buildXMServiceNowClient(constants['ServiceNow xMatters Application Prefix']);\nvar response = xmServiceNowClient.sendStatusCallback('incident', callback);\nconsole.log( JSON.stringify( response ) );\n\nif (util.isValidStatusCode(response.statusCode)) {\n    console.log('Successful callback to ServiceNow');\n} else {\n    console.log('Failed callback to ServiceNow');\n    throw 'Failed callback to ServiceNow';\n}\n",
      "environment": "HOSTED"
    }
  ],
  "endpoints": [
    {
      "name": "ServiceNow",
      "baseUrl": "https://freddiemac.service-now.com",
      "type": "EXTERNAL",
      "authentication": "NO_AUTH"
    }
  ],
  "constants": [
    {
      "name": "ServiceNow xMatters Application Prefix",
      "value": "x_xma_xmatters",
      "description": "The prefix applied to all pieces of the xMatters Application within ServiceNow"
    }
  ]
}